[
    {
        "id": 2,
        "professional_id": 4,
        "email": "luan2485@reabilite.pro",
        "password": "$2b$10$4xbRj4ZKFAII0LgPTTtvzuZh33m6WIiD.5YrSEv.DhkuSRYuaXrI.",
        "name": "Luan Pereira",
        "dob": "1999-10-24",
        "phone": "24981861301",
        "focus_area": "physical_fitness",
        "program": "Ola tudo bem?"
    },
    {
        "id": 3,
        "professional_id": 4,
        "email": "luan@reabilite.pro",
        "password": "$2b$10$YIX8VDRdku61.n98bDuBnO42jGX7C/2pB/3nNXLdpwTzO7v0KDhWq",
        "name": "Luan Pereira",
        "dob": "1999-10-24",
        "phone": "24981861301",
        "focus_area": "physical_fitness",
        "allergies": "Nao",
        "previous_surgeries": "Nao",
        "current_medications": "Nao",
        "lifestyle_habits": "test",
        "fitness_goal": "Ganhar massa",
        "injury_history": "Nenhuma",
        "nutrition_goal": "",
        "dietary_restrictions": "",
        "main_complaint_psychology": "",
        "previous_therapy": ""
    }
]