[
    {
        "id": 3,
        "name": "Admin",
        "email": "admin@reabilite.pro",
        "password": "$2b$10$ccR3spFbQQpaYAO6vvOYwuDJC6g/LXd6mjafLW/X3o32wtpgtgm.e",
        "dob": "1970-01-01",
        "phone": "00000000000",
        "profession": "admin",
        "patient_ids": [],
        "invitation_links": []
    },
    {
        "id": 4,
        "name": "Luan Pereira",
        "email": "luan@reabilite.pro",
        "password": "$2b$10$iRiE7ERWau8hvDX2Jril5.qzQhASFxrwVt2KJh16Pqj3KaccXdCFW",
        "dob": "1999-10-24",
        "phone": "24981861301",
        "profession": "Educador Físico",
        "registrationNumber": "RJ-064394",
        "registrationStatus": "Pendente",
        "invitation_links": [
            {
                "token": "998698ea62e75cf34e00b22b24f88513",
                "used": true
            }
        ],
        "patient_ids": [
            3
        ]
    }
]